First Name,Last Name,Action,Timestamp
asd,asd,Check-Out,Wed Jul 24 2024 01:32:50 GMT-0400 (Eastern Daylight Time)
asd,asd,Check-In,Wed Jul 24 2024 01:32:45 GMT-0400 (Eastern Daylight Time)
asd,asd,Check-Out,Wed Jul 24 2024 01:32:25 GMT-0400 (Eastern Daylight Time)
asd,asd,Check-In,Wed Jul 24 2024 01:32:16 GMT-0400 (Eastern Daylight Time)
pv,rv,Check-Out,Wed Jul 24 2024 01:24:19 GMT-0400 (Eastern Daylight Time)
pv,rv,Check-In,Wed Jul 24 2024 01:24:15 GMT-0400 (Eastern Daylight Time)
rahhhhil,oza,Check-Out,Wed Jul 24 2024 01:14:46 GMT-0400 (Eastern Daylight Time)
qwerty,uiop,Check-Out,Sat Jul 20 2024 09:57:02 GMT-0400 (Eastern Daylight Time)
qwerty,uiop,Check-In,Sat Jul 20 2024 09:56:48 GMT-0400 (Eastern Daylight Time)
rahhhhil,oza,Check-In,Sat Jul 20 2024 09:56:35 GMT-0400 (Eastern Daylight Time)
rahhil,oza,Check-Out,Sat Jul 20 2024 09:12:10 GMT-0400 (Eastern Daylight Time)
rahhil,oza,Check-In,Sat Jul 20 2024 09:11:30 GMT-0400 (Eastern Daylight Time)
rahil,oza,Check-Out,Wed Jul 17 2024 12:36:34 GMT-0400 (Eastern Daylight Time)
sid,oza,Check-Out,Wed Jul 17 2024 12:36:32 GMT-0400 (Eastern Daylight Time)
rahil,oza,Check-In,Wed Jul 17 2024 12:36:24 GMT-0400 (Eastern Daylight Time)
sid,oza,Check-In,Wed Jul 17 2024 12:36:01 GMT-0400 (Eastern Daylight Time)
rahil,oza,Check-Out,Fri Jul 12 2024 23:07:09 GMT-0400 (Eastern Daylight Time)
parth,vyas,Check-Out,Fri Jul 12 2024 23:07:06 GMT-0400 (Eastern Daylight Time)
rahil,oza,Check-In,Fri Jul 12 2024 23:06:58 GMT-0400 (Eastern Daylight Time)
parth,vyas,Check-In,Fri Jul 12 2024 23:06:41 GMT-0400 (Eastern Daylight Time)
